{"ts":1514419200000,"user_1":33213475,"rating_1":1550.14,"user_2":40118532,"rating_2":1344.6100000000004,"user_3":77757865,"rating_3":1132.56,"user_4":46565646,"rating_4":934.1999999999999,"user_5":79437344,"rating_5":774.1800000000001,"user_6":57048689,"rating_6":701.7,"user_7":78124169,"rating_7":700.5,"user_8":43678268,"rating_8":698.3,"user_9":56606505,"rating_9":687.39,"user_10":63591393,"rating_10":654.4}
{"ts":1515024000000,"user_1":2073520,"rating_1":3158.3700000000003,"user_2":51878992,"rating_2":2986.3999999999996,"user_3":17173195,"rating_3":1699.73,"user_4":57048689,"rating_4":1528.8,"user_5":40118532,"rating_5":1367.7100000000003,"user_6":23078829,"rating_6":1354.02,"user_7":64646953,"rating_7":1348.4399999999998,"user_8":25141914,"rating_8":1291.1999999999998,"user_9":47109348,"rating_9":1084.59,"user_10":69745052,"rating_10":1064.8}
{"ts":1515628800000,"user_1":51878992,"rating_1":5778.5,"user_2":38331232,"rating_2":2859.61,"user_3":57048689,"rating_3":2452.0,"user_4":2073520,"rating_4":2419.65,"user_5":51087612,"rating_5":1474.55,"user_6":23078829,"rating_6":1278.41,"user_7":25141914,"rating_7":1051.1999999999998,"user_8":56166904,"rating_8":1045.1999999999998,"user_9":72040400,"rating_9":1032.2,"user_10":63651819,"rating_10":962.5}
{"ts":1516233600000,"user_1":51878992,"rating_1":3309.0,"user_2":38331232,"rating_2":3105.99,"user_3":2073520,"rating_3":2658.58,"user_4":57048689,"rating_4":1680.3,"user_5":57123959,"rating_5":1492.7,"user_6":53612425,"rating_6":1195.1,"user_7":61986282,"rating_7":1128.1200000000001,"user_8":35591703,"rating_8":921.6,"user_9":78514751,"rating_9":918.2,"user_10":56825716,"rating_10":899.68}
{"ts":1516838400000,"user_1":51878992,"rating_1":3612.2000000000003,"user_2":2073520,"rating_2":3183.12,"user_3":57048689,"rating_3":2633.7,"user_4":40118532,"rating_4":1745.1699999999998,"user_5":38331232,"rating_5":1365.84,"user_6":23078829,"rating_6":1342.1,"user_7":12582762,"rating_7":1267.6999999999998,"user_8":35591703,"rating_8":1185.8,"user_9":25504325,"rating_9":1099.7,"user_10":56166904,"rating_10":1075.8999999999999}
{"ts":1517443200000,"user_1":2073520,"rating_1":3237.18,"user_2":51878992,"rating_2":2785.7,"user_3":57048689,"rating_3":2638.16,"user_4":40118532,"rating_4":2518.6899999999996,"user_5":38331232,"rating_5":2304.8199999999997,"user_6":25141914,"rating_6":1783.46,"user_7":55678593,"rating_7":1674.3099999999997,"user_8":63119682,"rating_8":1637.0199999999998,"user_9":49906049,"rating_9":1628.8200000000002,"user_10":35591703,"rating_10":1269.8}
{"ts":1518048000000,"user_1":51878992,"rating_1":6602.2,"user_2":2073520,"rating_2":3038.86,"user_3":57048689,"rating_3":2769.12,"user_4":35591703,"rating_4":1552.5,"user_5":38331232,"rating_5":1505.93,"user_6":57076816,"rating_6":1431.7,"user_7":12443097,"rating_7":1427.87,"user_8":63591393,"rating_8":1336.7100000000003,"user_9":64397379,"rating_9":1219.2300000000002,"user_10":61986282,"rating_10":1123.3999999999999}
