{"ts":1513728000000,"user_1":51878992,"rating_1":8892.5,"user_2":2073520,"rating_2":5969.320000000001,"user_3":57048689,"rating_3":4682.5,"user_4":38331232,"rating_4":4220.21,"user_5":40118532,"rating_5":3145.41,"user_6":23078829,"rating_6":2785.9299999999994,"user_7":25141914,"rating_7":2405.0,"user_8":51087612,"rating_8":2197.29,"user_9":57123959,"rating_9":2158.6,"user_10":63591393,"rating_10":2099.58}
{"ts":1516320000000,"user_1":51878992,"rating_1":16309.1,"user_2":2073520,"rating_2":12117.74,"user_3":57048689,"rating_3":9721.279999999999,"user_4":38331232,"rating_4":8282.58,"user_5":40118532,"rating_5":5538.059999999999,"user_6":35591703,"rating_6":4929.7,"user_7":25141914,"rating_7":4509.92,"user_8":57123959,"rating_8":4250.1,"user_9":56166904,"rating_9":3694.9,"user_10":55678593,"rating_10":3342.82}
